{
  "id": null,
  "title": "Monitor Services",
  "tags": [
    "prometheus"
  ],
  "style": "dark",
  "timezone": "browser",
  "editable": true,
  "hideControls": false,
  "sharedCrosshair": true,
  "rows": [
    {
      "collapse": false,
      "editable": true,
      "height": "100px",
      "panels": [
        {
          "cacheTimeout": null,
          "colorBackground": false,
          "colorValue": false,
          "colors": [
            "rgba(245, 54, 54, 0.9)",
            "rgba(237, 129, 40, 0.89)",
            "rgba(50, 172, 45, 0.97)"
          ],
          "datasource": "Prometheus",
          "decimals": 1,
          "editable": true,
          "error": false,
          "format": "s",
          "gauge": {
            "maxValue": 100,
            "minValue": 0,
            "show": false,
            "thresholdLabels": false,
            "thresholdMarkers": true
          },
          "hideTimeOverride": true,
          "id": 1,
          "interval": null,
          "isNew": true,
          "links": [],
          "mappingType": 1,
          "mappingTypes": [
            {
              "name": "value to text",
              "value": 1
            },
            {
              "name": "range to text",
              "value": 2
            }
          ],
          "maxDataPoints": 100,
          "nullPointMode": "connected",
          "nullText": null,
          "postfix": "s",
          "postfixFontSize": "80%",
          "prefix": "",
          "prefixFontSize": "50%",
          "rangeMaps": [
            {
              "from": "null",
              "text": "N/A",
              "to": "null"
            }
          ],
          "span": 3,
          "sparkline": {
            "fillColor": "rgba(31, 118, 189, 0.18)",
            "full": false,
            "lineColor": "rgb(31, 120, 193)",
            "show": false
          },
          "targets": [
            {
              "expr": "(time() - process_start_time_seconds{instance=\"localhost:9090\",job=\"prometheus\"})",
              "interval": "10s",
              "intervalFactor": 1,
              "legendFormat": "",
              "refId": "A",
              "step": 10
            }
          ],
          "thresholds": "",
          "timeFrom": "10s",
          "timeShift": null,
          "title": "Prometheus Uptime",
          "type": "singlestat",
          "valueFontSize": "80%",
          "valueMaps": [
            {
              "op": "=",
              "text": "N/A",
              "value": "null"
            }
          ],
          "valueName": "avg"
        },
        {
          "cacheTimeout": null,
          "colorBackground": false,
          "colorValue": false,
          "colors": [
            "rgba(245, 54, 54, 0.9)",
            "rgba(237, 129, 40, 0.89)",
            "rgba(50, 172, 45, 0.97)"
          ],
          "datasource": "Prometheus",
          "decimals": 2,
          "editable": true,
          "error": false,
          "format": "bytes",
          "gauge": {
            "maxValue": 100,
            "minValue": 0,
            "show": false,
            "thresholdLabels": false,
            "thresholdMarkers": true
          },
          "hideTimeOverride": true,
          "id": 5,
          "interval": null,
          "isNew": true,
          "links": [],
          "mappingType": 1,
          "mappingTypes": [
            {
              "name": "value to text",
              "value": 1
            },
            {
              "name": "range to text",
              "value": 2
            }
          ],
          "maxDataPoints": 100,
          "nullPointMode": "connected",
          "nullText": null,
          "postfix": "",
          "postfixFontSize": "50%",
          "prefix": "",
          "prefixFontSize": "50%",
          "rangeMaps": [
            {
              "from": "null",
              "text": "N/A",
              "to": "null"
            }
          ],
          "span": 3,
          "sparkline": {
            "fillColor": "rgba(31, 118, 189, 0.18)",
            "full": false,
            "lineColor": "rgb(31, 120, 193)",
            "show": false
          },
          "targets": [
            {
              "expr": "sum(container_memory_usage_bytes{container_label_org_label_schema_group=\"monitoring\"})",
              "interval": "10s",
              "intervalFactor": 1,
              "legendFormat": "",
              "refId": "A",
              "step": 10
            }
          ],
          "thresholds": "",
          "timeFrom": "10s",
          "timeShift": null,
          "title": "Memory Usage",
          "type": "singlestat",
          "valueFontSize": "80%",
          "valueMaps": [
            {
              "op": "=",
              "text": "N/A",
              "value": "null"
            }
          ],
          "valueName": "avg"
        },
        {
          "cacheTimeout": null,
          "colorBackground": false,
          "colorValue": false,
          "colors": [
            "rgba(245, 54, 54, 0.9)",
            "rgba(237, 129, 40, 0.89)",
            "rgba(50, 172, 45, 0.97)"
          ],
          "datasource": "Prometheus",
          "editable": true,
          "error": false,
          "format": "none",
          "gauge": {
            "maxValue": 100,
            "minValue": 0,
            "show": false,
            "thresholdLabels": false,
            "thresholdMarkers": true
          },
          "hideTimeOverride": true,
          "id": 3,
          "interval": null,
          "isNew": true,
          "links": [],
          "mappingType": 1,
          "mappingTypes": [
            {
              "name": "value to text",
              "value": 1
            },
            {
              "name": "range to text",
              "value": 2
            }
          ],
          "maxDataPoints": 100,
          "nullPointMode": "connected",
          "nullText": null,
          "postfix": "",
          "postfixFontSize": "50%",
          "prefix": "",
          "prefixFontSize": "50%",
          "rangeMaps": [
            {
              "from": "null",
              "text": "N/A",
              "to": "null"
            }
          ],
          "span": 3,
          "sparkline": {
            "fillColor": "rgba(31, 118, 189, 0.18)",
            "full": false,
            "lineColor": "rgb(31, 120, 193)",
            "show": false
          },
          "targets": [
            {
              "expr": "prometheus_tsdb_head_chunks",
              "interval": "10s",
              "intervalFactor": 1,
              "refId": "A",
              "step": 10
            }
          ],
          "thresholds": "",
          "timeFrom": "10s",
          "timeShift": null,
          "title": "In-Memory Chunks",
          "type": "singlestat",
          "valueFontSize": "80%",
          "valueMaps": [
            {
              "op": "=",
              "text": "N/A",
              "value": "null"
            }
          ],
          "valueName": "avg"
        },
        {
          "cacheTimeout": null,
          "colorBackground": false,
          "colorValue": false,
          "colors": [
            "rgba(245, 54, 54, 0.9)",
            "rgba(237, 129, 40, 0.89)",
            "rgba(50, 172, 45, 0.97)"
          ],
          "datasource": "Prometheus",
          "editable": true,
          "error": false,
          "format": "none",
          "gauge": {
            "maxValue": 100,
            "minValue": 0,
            "show": false,
            "thresholdLabels": false,
            "thresholdMarkers": true
          },
          "hideTimeOverride": true,
          "id": 2,
          "interval": null,
          "isNew": true,
          "links": [],
          "mappingType": 1,
          "mappingTypes": [
            {
              "name": "value to text",
              "value": 1
            },
            {
              "name": "range to text",
              "value": 2
            }
          ],
          "maxDataPoints": 100,
          "nullPointMode": "connected",
          "nullText": null,
          "postfix": "",
          "postfixFontSize": "50%",
          "prefix": "",
          "prefixFontSize": "50%",
          "rangeMaps": [
            {
              "from": "null",
              "text": "N/A",
              "to": "null"
            }
          ],
          "span": 3,
          "sparkline": {
            "fillColor": "rgba(31, 118, 189, 0.18)",
            "full": false,
            "lineColor": "rgb(31, 120, 193)",
            "show": false
          },
          "targets": [
            {
              "expr": "prometheus_tsdb_head_series",
              "interval": "10s",
              "intervalFactor": 1,
              "refId": "A",
              "step": 10
            }
          ],
          "thresholds": "",
          "timeFrom": "10s",
          "timeShift": null,
          "title": "In-Memory Series",
          "type": "singlestat",
          "valueFontSize": "80%",
          "valueMaps": [
            {
              "op": "=",
              "text": "N/A",
              "value": "null"
            }
          ],
          "valueName": "avg"
        }
      ],
      "title": "Overview"
    },
    {
      "collapse": false,
      "editable": true,
      "height": "250px",
      "panels": [
        {
          "aliasColors": {},
          "bars": false,
          "datasource": "Prometheus",
          "decimals": 2,
          "editable": true,
          "error": false,
          "fill": 1,
          "grid": {
            "threshold1": null,
            "threshold1Color": "rgba(216, 200, 27, 0.27)",
            "threshold2": null,
            "threshold2Color": "rgba(234, 112, 112, 0.22)"
          },
          "id": 6,
          "isNew": true,
          "legend": {
            "alignAsTable": true,
            "avg": true,
            "current": false,
            "max": true,
            "min": true,
            "rightSide": true,
            "show": true,
            "total": false,
            "values": true
          },
          "lines": true,
          "linewidth": 2,
          "links": [],
          "nullPointMode": "connected",
          "percentage": false,
          "pointradius": 5,
          "points": false,
          "renderer": "flot",
          "seriesOverrides": [],
          "span": 12,
          "stack": false,
          "steppedLine": false,
          "targets": [
            {
              "expr": "sum(rate(container_cpu_user_seconds_total{container_label_org_label_schema_group=\"monitoring\"}[1m]) * 100  / scalar(count(node_cpu{mode=\"user\"}))) by (name)",
              "intervalFactor": 10,
              "legendFormat": "{{ name }}",
              "refId": "A",
              "step": 10
            }
          ],
          "timeFrom": null,
          "timeShift": null,
          "title": "Container CPU Usage",
          "tooltip": {
            "msResolution": true,
            "shared": true,
            "sort": 2,
            "value_type": "cumulative"
          },
          "type": "graph",
          "xaxis": {
            "show": true
          },
          "yaxes": [
            {
              "format": "percent",
              "label": null,
              "logBase": 1,
              "max": null,
              "min": null,
              "show": true
            },
            {
              "format": "short",
              "label": null,
              "logBase": 1,
              "max": null,
              "min": null,
              "show": true
            }
          ]
        },
        {
          "aliasColors": {},
          "bars": false,
          "datasource": "Prometheus",
          "editable": true,
          "error": false,
          "fill": 1,
          "grid": {
            "threshold1": null,
            "threshold1Color": "rgba(216, 200, 27, 0.27)",
            "threshold2": null,
            "threshold2Color": "rgba(234, 112, 112, 0.22)"
          },
          "id": 7,
          "isNew": true,
          "legend": {
            "alignAsTable": true,
            "avg": true,
            "current": false,
            "max": true,
            "min": true,
            "rightSide": true,
            "show": true,
            "total": false,
            "values": true
          },
          "lines": true,
          "linewidth": 2,
          "links": [],
          "nullPointMode": "connected",
          "percentage": false,
          "pointradius": 5,
          "points": false,
          "renderer": "flot",
          "seriesOverrides": [],
          "span": 12,
          "stack": false,
          "steppedLine": false,
          "targets": [
            {
              "expr": "sum(container_memory_usage_bytes{container_label_org_label_schema_group=\"monitoring\"}) by (name)",
              "interval": "",
              "intervalFactor": 10,
              "legendFormat": "{{ name }}",
              "metric": "container_memory_usage_bytes",
              "refId": "A",
              "step": 10
            }
          ],
          "timeFrom": null,
          "timeShift": null,
          "title": "Container Memory Usage",
          "tooltip": {
            "msResolution": true,
            "shared": true,
            "sort": 2,
            "value_type": "cumulative"
          },
          "type": "graph",
          "xaxis": {
            "show": true
          },
          "yaxes": [
            {
              "format": "bytes",
              "label": null,
              "logBase": 1,
              "max": null,
              "min": null,
              "show": true
            },
            {
              "format": "short",
              "label": null,
              "logBase": 1,
              "max": null,
              "min": null,
              "show": false
            }
          ],
          "decimals": 2
        }
      ],
      "title": "Resources usage"
    },
    {
      "title": "Prometheus stats",
      "height": "250px",
      "editable": true,
      "collapse": false,
      "panels": [
        {
          "title": "Chunks to persist",
          "error": false,
          "span": 6,
          "editable": true,
          "type": "graph",
          "isNew": true,
          "id": 13,
          "targets": [
            {
              "expr": "prometheus_local_storage_chunks_to_persist",
              "intervalFactor": 2,
              "refId": "A",
              "step": 2,
              "legendFormat": "chunks"
            }
          ],
          "datasource": null,
          "renderer": "flot",
          "yaxes": [
            {
              "label": null,
              "show": true,
              "logBase": 1,
              "min": 0,
              "max": null,
              "format": "short"
            },
            {
              "label": null,
              "show": true,
              "logBase": 1,
              "min": null,
              "max": null,
              "format": "short"
            }
          ],
          "xaxis": {
            "show": true
          },
          "grid": {
            "threshold1": null,
            "threshold2": null,
            "threshold1Color": "rgba(216, 200, 27, 0.27)",
            "threshold2Color": "rgba(234, 112, 112, 0.22)"
          },
          "lines": true,
          "fill": 1,
          "linewidth": 2,
          "points": false,
          "pointradius": 5,
          "bars": false,
          "stack": false,
          "percentage": false,
          "legend": {
            "show": true,
            "values": true,
            "min": true,
            "max": true,
            "current": true,
            "total": false,
            "avg": true,
            "alignAsTable": true
          },
          "nullPointMode": "connected",
          "steppedLine": false,
          "tooltip": {
            "value_type": "cumulative",
            "shared": true,
            "sort": 0,
            "msResolution": false
          },
          "timeFrom": null,
          "timeShift": null,
          "aliasColors": {},
          "seriesOverrides": [],
          "links": []
        },
        {
          "title": "Persistence Urgency",
          "error": false,
          "span": 6,
          "editable": true,
          "type": "graph",
          "isNew": true,
          "id": 14,
          "targets": [
            {
              "expr": "prometheus_local_storage_persistence_urgency_score",
              "intervalFactor": 2,
              "refId": "A",
              "step": 2,
              "legendFormat": "score"
            }
          ],
          "datasource": null,
          "renderer": "flot",
          "yaxes": [
            {
              "label": null,
              "show": true,
              "logBase": 1,
              "min": 0,
              "max": null,
              "format": "short"
            },
            {
              "label": null,
              "show": true,
              "logBase": 1,
              "min": null,
              "max": null,
              "format": "short"
            }
          ],
          "xaxis": {
            "show": true
          },
          "grid": {
            "threshold1": null,
            "threshold2": null,
            "threshold1Color": "rgba(216, 200, 27, 0.27)",
            "threshold2Color": "rgba(234, 112, 112, 0.22)"
          },
          "lines": true,
          "fill": 1,
          "linewidth": 2,
          "points": false,
          "pointradius": 5,
          "bars": false,
          "stack": false,
          "percentage": false,
          "legend": {
            "show": true,
            "values": true,
            "min": true,
            "max": true,
            "current": true,
            "total": false,
            "avg": true,
            "alignAsTable": true,
            "rightSide": false
          },
          "nullPointMode": "connected",
          "steppedLine": false,
          "tooltip": {
            "value_type": "cumulative",
            "shared": true,
            "sort": 0,
            "msResolution": false
          },
          "timeFrom": null,
          "timeShift": null,
          "aliasColors": {},
          "seriesOverrides": [
            {
              "alias": "score",
              "color": "#705DA0"
            }
          ],
          "links": []
        },
        {
          "title": "Chunk ops",
          "error": false,
          "span": 6,
          "editable": true,
          "type": "graph",
          "isNew": true,
          "id": 15,
          "targets": [
            {
              "expr": "rate(prometheus_local_storage_chunk_ops_total[1m])",
              "intervalFactor": 2,
              "refId": "A",
              "step": 2,
              "legendFormat": "{{ type }}"
            }
          ],
          "datasource": null,
          "renderer": "flot",
          "yaxes": [
            {
              "label": null,
              "show": true,
              "logBase": 1,
              "min": 0,
              "max": null,
              "format": "short"
            },
            {
              "label": null,
              "show": false,
              "logBase": 1,
              "min": null,
              "max": null,
              "format": "short"
            }
          ],
          "xaxis": {
            "show": true
          },
          "grid": {
            "threshold1": null,
            "threshold2": null,
            "threshold1Color": "rgba(216, 200, 27, 0.27)",
            "threshold2Color": "rgba(234, 112, 112, 0.22)"
          },
          "lines": true,
          "fill": 1,
          "linewidth": 2,
          "points": false,
          "pointradius": 5,
          "bars": false,
          "stack": false,
          "percentage": false,
          "legend": {
            "show": true,
            "values": true,
            "min": true,
            "max": true,
            "current": false,
            "total": false,
            "avg": true,
            "alignAsTable": true,
            "rightSide": true
          },
          "nullPointMode": "connected",
          "steppedLine": false,
          "tooltip": {
            "value_type": "cumulative",
            "shared": true,
            "sort": 0,
            "msResolution": false
          },
          "timeFrom": null,
          "timeShift": null,
          "aliasColors": {},
          "seriesOverrides": [],
          "links": [],
          "decimals": 0
        },
        {
          "title": "Checkpoint duration",
          "error": false,
          "span": 6,
          "editable": true,
          "type": "graph",
          "isNew": true,
          "id": 16,
          "targets": [
            {
              "expr": "prometheus_local_storage_checkpoint_duration_seconds",
              "intervalFactor": 2,
              "refId": "A",
              "step": 2,
              "legendFormat": "{{ job }}"
            }
          ],
          "datasource": null,
          "renderer": "flot",
          "yaxes": [
            {
              "label": null,
              "show": true,
              "logBase": 1,
              "min": 0,
              "max": null,
              "format": "s"
            },
            {
              "label": null,
              "show": false,
              "logBase": 1,
              "min": null,
              "max": null,
              "format": "short"
            }
          ],
          "xaxis": {
            "show": true
          },
          "grid": {
            "threshold1": null,
            "threshold2": null,
            "threshold1Color": "rgba(216, 200, 27, 0.27)",
            "threshold2Color": "rgba(234, 112, 112, 0.22)"
          },
          "lines": true,
          "fill": 1,
          "linewidth": 2,
          "points": false,
          "pointradius": 5,
          "bars": false,
          "stack": false,
          "percentage": false,
          "legend": {
            "show": true,
            "values": true,
            "min": true,
            "max": true,
            "current": true,
            "total": false,
            "avg": true,
            "alignAsTable": true,
            "rightSide": false
          },
          "nullPointMode": "connected",
          "steppedLine": false,
          "tooltip": {
            "value_type": "cumulative",
            "shared": true,
            "sort": 0,
            "msResolution": false
          },
          "timeFrom": null,
          "timeShift": null,
          "aliasColors": {},
          "seriesOverrides": [],
          "links": []
        }
      ]
    },
    {
      "collapse": false,
      "editable": true,
      "height": "250px",
      "panels": [
        {
          "aliasColors": {},
          "bars": false,
          "datasource": "Prometheus",
          "decimals": 0,
          "editable": true,
          "error": false,
          "fill": 1,
          "grid": {
            "threshold1": null,
            "threshold1Color": "rgba(216, 200, 27, 0.27)",
            "threshold2": null,
            "threshold2Color": "rgba(234, 112, 112, 0.22)"
          },
          "id": 8,
          "isNew": true,
          "legend": {
            "alignAsTable": true,
            "avg": true,
            "current": false,
            "max": true,
            "min": true,
            "show": false,
            "total": false,
            "values": true
          },
          "lines": true,
          "linewidth": 2,
          "links": [],
          "nullPointMode": "connected",
          "percentage": false,
          "pointradius": 5,
          "points": false,
          "renderer": "flot",
          "seriesOverrides": [],
          "span": 4,
          "stack": false,
          "steppedLine": false,
          "targets": [
            {
              "expr": "rate(prometheus_local_storage_ingested_samples_total[5m])",
              "intervalFactor": 1,
              "legendFormat": "samples",
              "refId": "A",
              "step": 1
            }
          ],
          "timeFrom": null,
          "timeShift": null,
          "title": "Samples ingested 5m rate",
          "tooltip": {
            "msResolution": true,
            "shared": true,
            "sort": 0,
            "value_type": "cumulative"
          },
          "type": "graph",
          "xaxis": {
            "show": true
          },
          "yaxes": [
            {
              "format": "short",
              "label": null,
              "logBase": 10,
              "max": null,
              "min": null,
              "show": true
            },
            {
              "format": "short",
              "label": null,
              "logBase": 1,
              "max": null,
              "min": null,
              "show": true
            }
          ]
        },
        {
          "aliasColors": {},
          "bars": false,
          "datasource": "Prometheus",
          "editable": true,
          "error": false,
          "fill": 1,
          "grid": {
            "threshold1": null,
            "threshold1Color": "rgba(216, 200, 27, 0.27)",
            "threshold2": null,
            "threshold2Color": "rgba(234, 112, 112, 0.22)"
          },
          "id": 10,
          "isNew": true,
          "legend": {
            "avg": false,
            "current": false,
            "max": false,
            "min": false,
            "show": false,
            "total": false,
            "values": false
          },
          "lines": true,
          "linewidth": 2,
          "links": [],
          "nullPointMode": "connected",
          "percentage": false,
          "pointradius": 5,
          "points": false,
          "renderer": "flot",
          "seriesOverrides": [],
          "span": 4,
          "stack": false,
          "steppedLine": false,
          "targets": [
            {
              "expr": "rate(prometheus_target_interval_length_seconds_count[5m])",
              "intervalFactor": 2,
              "legendFormat": "{{ interval }}",
              "refId": "A",
              "step": 2
            }
          ],
          "timeFrom": null,
          "timeShift": null,
          "title": "Target Scrapes",
          "tooltip": {
            "msResolution": true,
            "shared": true,
            "sort": 0,
            "value_type": "cumulative"
          },
          "type": "graph",
          "xaxis": {
            "show": true
          },
          "yaxes": [
            {
              "format": "short",
              "label": null,
              "logBase": 1,
              "max": null,
              "min": null,
              "show": true
            },
            {
              "format": "short",
              "label": null,
              "logBase": 1,
              "max": null,
              "min": null,
              "show": true
            }
          ]
        },
        {
          "aliasColors": {},
          "bars": false,
          "datasource": "Prometheus",
          "editable": true,
          "error": false,
          "fill": 1,
          "grid": {
            "threshold1": null,
            "threshold1Color": "rgba(216, 200, 27, 0.27)",
            "threshold2": null,
            "threshold2Color": "rgba(234, 112, 112, 0.22)"
          },
          "id": 11,
          "isNew": true,
          "legend": {
            "alignAsTable": false,
            "avg": false,
            "current": false,
            "max": false,
            "min": false,
            "show": false,
            "total": false,
            "values": false
          },
          "lines": true,
          "linewidth": 2,
          "links": [],
          "nullPointMode": "connected",
          "percentage": false,
          "pointradius": 5,
          "points": false,
          "renderer": "flot",
          "seriesOverrides": [],
          "span": 4,
          "stack": false,
          "steppedLine": false,
          "targets": [
            {
              "expr": "prometheus_target_interval_length_seconds{quantile!=\"0.01\", quantile!=\"0.05\"}",
              "intervalFactor": 2,
              "legendFormat": "{{quantile}} ({{interval}})",
              "refId": "A",
              "step": 2
            }
          ],
          "timeFrom": null,
          "timeShift": null,
          "title": "Scrape Duration",
          "tooltip": {
            "msResolution": true,
            "shared": true,
            "sort": 0,
            "value_type": "cumulative"
          },
          "type": "graph",
          "xaxis": {
            "show": true
          },
          "yaxes": [
            {
              "format": "short",
              "label": null,
              "logBase": 1,
              "max": null,
              "min": null,
              "show": true
            },
            {
              "format": "short",
              "label": null,
              "logBase": 1,
              "max": null,
              "min": null,
              "show": true
            }
          ]
        }
      ],
      "title": "Prometheus targets"
    },
    {
      "collapse": false,
      "editable": true,
      "height": "250px",
      "panels": [
        {
          "aliasColors": {},
          "bars": false,
          "datasource": "Prometheus",
          "decimals": 0,
          "editable": true,
          "error": false,
          "fill": 1,
          "grid": {
            "threshold1": null,
            "threshold1Color": "rgba(216, 200, 27, 0.27)",
            "threshold2": null,
            "threshold2Color": "rgba(234, 112, 112, 0.22)"
          },
          "id": 9,
          "isNew": true,
          "legend": {
            "avg": false,
            "current": false,
            "max": false,
            "min": false,
            "show": false,
            "total": false,
            "values": false
          },
          "lines": true,
          "linewidth": 2,
          "links": [],
          "nullPointMode": "connected",
          "percentage": false,
          "pointradius": 5,
          "points": false,
          "renderer": "flot",
          "seriesOverrides": [],
          "span": 6,
          "stack": false,
          "steppedLine": false,
          "targets": [
            {
              "expr": "sum(irate(http_requests_total[1m])) ",
              "interval": "10s",
              "intervalFactor": 2,
              "legendFormat": "requests",
              "metric": "http_requests_total",
              "refId": "A",
              "step": 20
            }
          ],
          "timeFrom": null,
          "timeShift": null,
          "title": "HTTP Requests",
          "tooltip": {
            "msResolution": true,
            "shared": true,
            "sort": 0,
            "value_type": "cumulative"
          },
          "type": "graph",
          "xaxis": {
            "show": true
          },
          "yaxes": [
            {
              "format": "short",
              "label": null,
              "logBase": 1,
              "max": null,
              "min": 0,
              "show": true
            },
            {
              "format": "short",
              "label": null,
              "logBase": 1,
              "max": null,
              "min": null,
              "show": false
            }
          ]
        },
        {
          "aliasColors": {},
          "bars": true,
          "datasource": null,
          "decimals": 0,
          "editable": true,
          "error": false,
          "fill": 1,
          "grid": {
            "threshold1": null,
            "threshold1Color": "rgba(216, 200, 27, 0.27)",
            "threshold2": null,
            "threshold2Color": "rgba(234, 112, 112, 0.22)"
          },
          "id": 12,
          "isNew": true,
          "legend": {
            "alignAsTable": true,
            "avg": false,
            "current": true,
            "hideEmpty": false,
            "hideZero": false,
            "max": false,
            "min": false,
            "rightSide": true,
            "show": true,
            "total": false,
            "values": true
          },
          "lines": false,
          "linewidth": 2,
          "links": [],
          "nullPointMode": "connected",
          "percentage": false,
          "pointradius": 2,
          "points": true,
          "renderer": "flot",
          "seriesOverrides": [],
          "span": 6,
          "stack": false,
          "steppedLine": false,
          "targets": [
            {
              "expr": "sum(ALERTS{alertstate=\"firing\"}) by (alertname)",
              "interval": "30s",
              "intervalFactor": 1,
              "legendFormat": "{{ alertname }}",
              "refId": "A",
              "step": 30
            }
          ],
          "timeFrom": null,
          "timeShift": null,
          "title": "Alerts",
          "tooltip": {
            "msResolution": false,
            "shared": false,
            "sort": 0,
            "value_type": "individual"
          },
          "type": "graph",
          "xaxis": {
            "show": true
          },
          "yaxes": [
            {
              "format": "short",
              "label": null,
              "logBase": 1,
              "max": null,
              "min": 0,
              "show": true
            },
            {
              "format": "short",
              "label": null,
              "logBase": 1,
              "max": null,
              "min": null,
              "show": false
            }
          ]
        }
      ],
      "title": "Prometheus requests"
    }
  ],
  "time": {
    "from": "now-15m",
    "to": "now"
  },
  "timepicker": {
    "refresh_intervals": [
      "5s",
      "10s",
      "30s",
      "1m",
      "5m",
      "15m",
      "30m",
      "1h",
      "2h",
      "1d"
    ],
    "time_options": [
      "5m",
      "15m",
      "1h",
      "6h",
      "12h",
      "24h",
      "2d",
      "7d",
      "30d"
    ]
  },
  "templating": {
    "list": []
  },
  "annotations": {
    "list": []
  },
  "refresh": "10s",
  "schemaVersion": 12,
  "version": 21,
  "links": [],
  "gnetId": null
}
